"ANO";"Componente";"P_Explicado";"Base"
2003;"comp 1";48,1571139763692;1
2003;"comp 2";6,63876351630245;1
2003;"comp 3";5,14248051265133;1
2003;"comp 4";3,40330387496404;1
2003;"comp 5";2,71690506748193;1
2003;"comp 6";2,4288531854624;1
2003;"comp 7";2,1559469358415;1
2003;"comp 8";1,82812158485555;1
2003;"comp 9";1,50491628234485;1
2003;"comp 10";1,42196947955901;1
2003;"comp 11";1,30254971543495;1
2003;"comp 12";1,24345477355493;1
2003;"comp 13";1,2092913887502;1
2003;"comp 14";1,17328817015467;1
2003;"comp 15";1,06696388725402;1
2003;"comp 16";0,995863036459008;1
2003;"comp 17";0,957360663975756;1
2003;"comp 18";0,889906981731214;1
2003;"comp 19";0,874941294611038;1
2003;"comp 20";0,813384922044404;1
2003;"comp 21";0,771017294505527;1
2003;"comp 22";0,740502523156848;1
2003;"comp 23";0,702755901934421;1
2003;"comp 24";0,629664243500571;1
2003;"comp 25";0,611815433619733;1
2003;"comp 26";0,552981372764759;1
2003;"comp 27";0,533948479596965;1
2003;"comp 28";0,526012203043714;1
2003;"comp 29";0,478782468218943;1
2003;"comp 30";0,451937622058177;1
2003;"comp 31";0,434423878799704;1
2003;"comp 32";0,415860012642954;1
2003;"comp 33";0,398788711492832;1
2003;"comp 34";0,370708432658912;1
2003;"comp 35";0,356166095062365;1
2003;"comp 36";0,345298364310884;1
2003;"comp 37";0,321880966428839;1
2003;"comp 38";0,299450238210334;1
2003;"comp 39";0,292576833979971;1
2003;"comp 40";0,288066705262882;1
2003;"comp 41";0,258000659424892;1
2003;"comp 42";0,248565348590815;1
2003;"comp 43";0,245361322971827;1
2003;"comp 44";0,234581972689563;1
2003;"comp 45";0,206120829303858;1
2003;"comp 46";0,204707791983697;1
2003;"comp 47";0,191592808735973;1
2003;"comp 48";0,184001968676769;1
2003;"comp 49";0,179890178890967;1
2003;"comp 50";0,161337870179812;1
2003;"comp 51";0,149575787692899;1
2003;"comp 52";0,142873652053412;1
2003;"comp 53";0,139973522656046;1
2003;"comp 54";0,136396099412912;1
2003;"comp 55";0,128323275504499;1
2003;"comp 56";0,122061945002786;1
2003;"comp 57";0,120376807952899;1
2003;"comp 58";0,106173587325421;1
2003;"comp 59";0,105203855276668;1
2003;"comp 60";0,0924245755899059;1
2003;"comp 61";0,0903709637584457;1
2003;"comp 62";0,0878707065589592;1
2003;"comp 63";0,0803458888349412;1
2003;"comp 64";0,0770863752803405;1
2003;"comp 65";0,0743275409754577;1
2003;"comp 66";0,0681263306386456;1
2003;"comp 67";0,0677042384920919;1
2003;"comp 68";0,0631027199958862;1
2003;"comp 69";0,0606284689371341;1
2003;"comp 70";0,055810124395347;1
2003;"comp 71";0,0536117664441835;1
2003;"comp 72";0,049073303887734;1
2003;"comp 73";0,0445993141691159;1
2003;"comp 74";0,0433322320486368;1
2003;"comp 75";0,0407890366137949;1
2003;"comp 76";0,0386401677067859;1
2003;"comp 77";0,0341199671583473;1
2003;"comp 78";0,0322719094825305;1
2003;"comp 79";0,0295549307045627;1
2003;"comp 80";0,0257784297155984;1
2003;"comp 81";0,0214041450524751;1
2003;"comp 82";0,0206078261646716;1
2003;"comp 83";0,0191647895106786;1
2003;"comp 84";0,016117932506204;1
2004;"comp 1";48,6775422662872;1
2004;"comp 2";6,45045542424833;1
2004;"comp 3";5,57000220516795;1
2004;"comp 4";3,34863114679373;1
2004;"comp 5";2,62142449007432;1
2004;"comp 6";2,60898233607588;1
2004;"comp 7";1,90629969324336;1
2004;"comp 8";1,76065165223535;1
2004;"comp 9";1,66117735151809;1
2004;"comp 10";1,56234279828691;1
2004;"comp 11";1,39932502911218;1
2004;"comp 12";1,21010779942431;1
2004;"comp 13";1,13626416892562;1
2004;"comp 14";1,03238283321482;1
2004;"comp 15";1,00755217308264;1
2004;"comp 16";0,961285611684948;1
2004;"comp 17";0,938715843673908;1
2004;"comp 18";0,820348457657144;1
2004;"comp 19";0,806672355327708;1
2004;"comp 20";0,759664512157456;1
2004;"comp 21";0,727078114302022;1
2004;"comp 22";0,703447357651441;1
2004;"comp 23";0,667204276315432;1
2004;"comp 24";0,618268989253126;1
2004;"comp 25";0,613182212410689;1
2004;"comp 26";0,5580997593521;1
2004;"comp 27";0,486096794416625;1
2004;"comp 28";0,472523903306308;1
2004;"comp 29";0,462722640413228;1
2004;"comp 30";0,450795304939284;1
2004;"comp 31";0,434640430077844;1
2004;"comp 32";0,394274345264042;1
2004;"comp 33";0,37874284057365;1
2004;"comp 34";0,365507464953933;1
2004;"comp 35";0,355474915894755;1
2004;"comp 36";0,33638464365575;1
2004;"comp 37";0,305515847239849;1
2004;"comp 38";0,299409357287503;1
2004;"comp 39";0,288167242662177;1
2004;"comp 40";0,266078875919834;1
2004;"comp 41";0,253148231813314;1
2004;"comp 42";0,245206951951475;1
2004;"comp 43";0,229921059237584;1
2004;"comp 44";0,217217998166278;1
2004;"comp 45";0,213588948302025;1
2004;"comp 46";0,20545668095942;1
2004;"comp 47";0,192687886132465;1
2004;"comp 48";0,187426709810499;1
2004;"comp 49";0,183004207027157;1
2004;"comp 50";0,17614908951091;1
2004;"comp 51";0,163938959974885;1
2004;"comp 52";0,160393721886869;1
2004;"comp 53";0,152358531236963;1
2004;"comp 54";0,149003652276392;1
2004;"comp 55";0,136005864358153;1
2004;"comp 56";0,124844311705561;1
2004;"comp 57";0,11901064154577;1
2004;"comp 58";0,107768396098417;1
2004;"comp 59";0,105433456845979;1
2004;"comp 60";0,097734283944733;1
2004;"comp 61";0,0940762636120002;1
2004;"comp 62";0,0876781472251891;1
2004;"comp 63";0,0804634285610768;1
2004;"comp 64";0,0765274753722142;1
2004;"comp 65";0,0738327862093366;1
2004;"comp 66";0,0722174114320372;1
2004;"comp 67";0,0667673712553493;1
2004;"comp 68";0,0603284404381461;1
2004;"comp 69";0,0567303836869034;1
2004;"comp 70";0,0525786548840122;1
2004;"comp 71";0,0495507525045502;1
2004;"comp 72";0,046362517592946;1
2004;"comp 73";0,0448417599582076;1
2004;"comp 74";0,0396040342606868;1
2004;"comp 75";0,0389689085939245;1
2004;"comp 76";0,0349772367854208;1
2004;"comp 77";0,0332512010305628;1
2004;"comp 78";0,0280698262433767;1
2004;"comp 79";0,0246608350064746;1
2004;"comp 80";0,0230761088057906;1
2004;"comp 81";0,022894464953869;1
2004;"comp 82";0,0171352685872436;1
2004;"comp 83";0,0164092701351346;1
2004;"comp 84";0,0152544059992326;1
2005;"comp 1";48,5634467673927;1
2005;"comp 2";6,05518524546087;1
2005;"comp 3";5,77465030163753;1
2005;"comp 4";3,65515059070638;1
2005;"comp 5";2,804594124486;1
2005;"comp 6";2,5936550946705;1
2005;"comp 7";2,04428896122491;1
2005;"comp 8";1,81501743038154;1
2005;"comp 9";1,55337352045536;1
2005;"comp 10";1,44663717289154;1
2005;"comp 11";1,33068525896811;1
2005;"comp 12";1,22512468823027;1
2005;"comp 13";1,06174346289477;1
2005;"comp 14";1,0549756934649;1
2005;"comp 15";0,96692415978668;1
2005;"comp 16";0,948146109209465;1
2005;"comp 17";0,850708371360541;1
2005;"comp 18";0,837537357229808;1
2005;"comp 19";0,7874666092358;1
2005;"comp 20";0,777837868724651;1
2005;"comp 21";0,737791765408152;1
2005;"comp 22";0,714270799232236;1
2005;"comp 23";0,641379525297027;1
2005;"comp 24";0,604047851260864;1
2005;"comp 25";0,593867041174398;1
2005;"comp 26";0,544007980241462;1
2005;"comp 27";0,521956773163072;1
2005;"comp 28";0,516732271787522;1
2005;"comp 29";0,479037174022595;1
2005;"comp 30";0,454479692199338;1
2005;"comp 31";0,437169518958327;1
2005;"comp 32";0,424021747792651;1
2005;"comp 33";0,394880680304152;1
2005;"comp 34";0,358150114085961;1
2005;"comp 35";0,351486487971163;1
2005;"comp 36";0,338550095740049;1
2005;"comp 37";0,314418902613552;1
2005;"comp 38";0,301176798781359;1
2005;"comp 39";0,293627767941745;1
2005;"comp 40";0,258338207146279;1
2005;"comp 41";0,253468297176135;1
2005;"comp 42";0,23848206488777;1
2005;"comp 43";0,2320332383839;1
2005;"comp 44";0,219222468024051;1
2005;"comp 45";0,212734641222341;1
2005;"comp 46";0,191111176415039;1
2005;"comp 47";0,183408640321879;1
2005;"comp 48";0,181229552508119;1
2005;"comp 49";0,177055760137433;1
2005;"comp 50";0,163925393203329;1
2005;"comp 51";0,157749571258278;1
2005;"comp 52";0,153038128878268;1
2005;"comp 53";0,146596721292938;1
2005;"comp 54";0,140217852988764;1
2005;"comp 55";0,133859618482053;1
2005;"comp 56";0,132094826000478;1
2005;"comp 57";0,122544470914073;1
2005;"comp 58";0,120184703369604;1
2005;"comp 59";0,115584979439241;1
2005;"comp 60";0,107201988805094;1
2005;"comp 61";0,100093501653568;1
2005;"comp 62";0,0950252328962694;1
2005;"comp 63";0,0856316128263182;1
2005;"comp 64";0,0838203064559295;1
2005;"comp 65";0,0802944507409056;1
2005;"comp 66";0,076891798964976;1
2005;"comp 67";0,0662487200321017;1
2005;"comp 68";0,0659259869721164;1
2005;"comp 69";0,0574251550579225;1
2005;"comp 70";0,0539319615967527;1
2005;"comp 71";0,0470399366194717;1
2005;"comp 72";0,0457063898986579;1
2005;"comp 73";0,0423879240890755;1
2005;"comp 74";0,0399271270125983;1
2005;"comp 75";0,0366491833892141;1
2005;"comp 76";0,0345589970284532;1
2005;"comp 77";0,0315480120705339;1
2005;"comp 78";0,0295539311664251;1
2005;"comp 79";0,025585542625603;1
2005;"comp 80";0,0238737569683413;1
2005;"comp 81";0,0215517735526946;1
2005;"comp 82";0,0188017748387965;1
2005;"comp 83";0,0155662548580569;1
2005;"comp 84";0,0136765914422084;1
2006;"comp 1";48,9877046000646;1
2006;"comp 2";6,07706643952798;1
2006;"comp 3";5,14304170421024;1
2006;"comp 4";3,10989216935362;1
2006;"comp 5";2,98072483822979;1
2006;"comp 6";2,30625327597522;1
2006;"comp 7";1,96165961551716;1
2006;"comp 8";1,8044098054049;1
2006;"comp 9";1,6369545931382;1
2006;"comp 10";1,42195984369223;1
2006;"comp 11";1,36098427451543;1
2006;"comp 12";1,24219394575808;1
2006;"comp 13";1,15319816396425;1
2006;"comp 14";1,09783834749179;1
2006;"comp 15";1,01573977247099;1
2006;"comp 16";0,982384785242327;1
2006;"comp 17";0,924870407175188;1
2006;"comp 18";0,899981195216649;1
2006;"comp 19";0,79436048074813;1
2006;"comp 20";0,754666167238143;1
2006;"comp 21";0,709937684006404;1
2006;"comp 22";0,673455373382758;1
2006;"comp 23";0,650445001183933;1
2006;"comp 24";0,612018258336703;1
2006;"comp 25";0,584705860451357;1
2006;"comp 26";0,573695055286698;1
2006;"comp 27";0,542854593208641;1
2006;"comp 28";0,531530861354001;1
2006;"comp 29";0,513560502271877;1
2006;"comp 30";0,481911889432785;1
2006;"comp 31";0,464729357356128;1
2006;"comp 32";0,448600156370904;1
2006;"comp 33";0,431155256890819;1
2006;"comp 34";0,397610301672236;1
2006;"comp 35";0,377348308395849;1
2006;"comp 36";0,353865409244625;1
2006;"comp 37";0,344915173753744;1
2006;"comp 38";0,315729136049052;1
2006;"comp 39";0,298459928517798;1
2006;"comp 40";0,283188912784911;1
2006;"comp 41";0,271719339392651;1
2006;"comp 42";0,265565230250042;1
2006;"comp 43";0,258075738499052;1
2006;"comp 44";0,245638098041962;1
2006;"comp 45";0,234949002583676;1
2006;"comp 46";0,210046070571254;1
2006;"comp 47";0,199722579942679;1
2006;"comp 48";0,192897376166804;1
2006;"comp 49";0,186269266618128;1
2006;"comp 50";0,174883899410023;1
2006;"comp 51";0,166589563700389;1
2006;"comp 52";0,157360978284252;1
2006;"comp 53";0,14865053550141;1
2006;"comp 54";0,143932401111281;1
2006;"comp 55";0,135360766408929;1
2006;"comp 56";0,128154041404284;1
2006;"comp 57";0,120616191323526;1
2006;"comp 58";0,115737133095013;1
2006;"comp 59";0,105193781072694;1
2006;"comp 60";0,101563709842386;1
2006;"comp 61";0,0965019257763056;1
2006;"comp 62";0,0927528293760969;1
2006;"comp 63";0,0845726863799529;1
2006;"comp 64";0,0835333570868335;1
2006;"comp 65";0,0771928785172743;1
2006;"comp 66";0,0718328701645693;1
2006;"comp 67";0,0662729058779609;1
2006;"comp 68";0,0634728701041335;1
2006;"comp 69";0,0583798706551829;1
2006;"comp 70";0,0559886397855275;1
2006;"comp 71";0,0532121190763723;1
2006;"comp 72";0,0469592812958089;1
2006;"comp 73";0,0437085421861505;1
2006;"comp 74";0,0407772421058321;1
2006;"comp 75";0,0389197129450323;1
2006;"comp 76";0,0321495495028054;1
2006;"comp 77";0,0316614355507477;1
2006;"comp 78";0,0278656191482605;1
2006;"comp 79";0,026355837636823;1
2006;"comp 80";0,0243075083843503;1
2006;"comp 81";0,0203267375059053;1
2006;"comp 82";0,0197572651021146;1
2006;"comp 83";0,0184907152869177;1
2006;"comp 84";0,0164804524424041;1
2007;"comp 1";49,1256011945435;1
2007;"comp 2";6,20555653375269;1
2007;"comp 3";5,27939758171205;1
2007;"comp 4";3,26110318374065;1
2007;"comp 5";2,77559208711479;1
2007;"comp 6";2,4011406142033;1
2007;"comp 7";1,90264599238517;1
2007;"comp 8";1,80414505358611;1
2007;"comp 9";1,57254794631564;1
2007;"comp 10";1,41541529144255;1
2007;"comp 11";1,35933153496721;1
2007;"comp 12";1,20217891679411;1
2007;"comp 13";1,18917805665791;1
2007;"comp 14";1,1178326433878;1
2007;"comp 15";1,04868441570078;1
2007;"comp 16";0,981942075483955;1
2007;"comp 17";0,946291488040213;1
2007;"comp 18";0,864772554825872;1
2007;"comp 19";0,780333485948937;1
2007;"comp 20";0,767172286737155;1
2007;"comp 21";0,744510941872744;1
2007;"comp 22";0,707296611284124;1
2007;"comp 23";0,632382347674682;1
2007;"comp 24";0,595643197224991;1
2007;"comp 25";0,581890692172028;1
2007;"comp 26";0,540572303559811;1
2007;"comp 27";0,527388689783411;1
2007;"comp 28";0,519271752123728;1
2007;"comp 29";0,484769618905301;1
2007;"comp 30";0,441922967016105;1
2007;"comp 31";0,423270009980257;1
2007;"comp 32";0,419937155586536;1
2007;"comp 33";0,390947628107568;1
2007;"comp 34";0,369258429138507;1
2007;"comp 35";0,357522956339483;1
2007;"comp 36";0,34742323256744;1
2007;"comp 37";0,320010215850024;1
2007;"comp 38";0,314983105373584;1
2007;"comp 39";0,304111178271484;1
2007;"comp 40";0,279560104522681;1
2007;"comp 41";0,27373285326068;1
2007;"comp 42";0,26277592536223;1
2007;"comp 43";0,238167839183331;1
2007;"comp 44";0,227528667364032;1
2007;"comp 45";0,21676292184648;1
2007;"comp 46";0,210708863389089;1
2007;"comp 47";0,197088645808673;1
2007;"comp 48";0,194318577823704;1
2007;"comp 49";0,190513824984388;1
2007;"comp 50";0,174985393167463;1
2007;"comp 51";0,170614033165002;1
2007;"comp 52";0,159004583690429;1
2007;"comp 53";0,150966684039323;1
2007;"comp 54";0,145926658218461;1
2007;"comp 55";0,137344059575182;1
2007;"comp 56";0,131522603423336;1
2007;"comp 57";0,11987010803795;1
2007;"comp 58";0,116459917820289;1
2007;"comp 59";0,113436213134639;1
2007;"comp 60";0,102936628054082;1
2007;"comp 61";0,100581035749028;1
2007;"comp 62";0,0955772886093689;1
2007;"comp 63";0,084716455925219;1
2007;"comp 64";0,0818071548536182;1
2007;"comp 65";0,074559472017629;1
2007;"comp 66";0,0718494461033622;1
2007;"comp 67";0,0659697128539687;1
2007;"comp 68";0,0604265434772653;1
2007;"comp 69";0,0572787672366563;1
2007;"comp 70";0,0497186100448451;1
2007;"comp 71";0,0472010025645677;1
2007;"comp 72";0,0458326048313934;1
2007;"comp 73";0,042456154043769;1
2007;"comp 74";0,0404439895647474;1
2007;"comp 75";0,0370626043423473;1
2007;"comp 76";0,0330714503082719;1
2007;"comp 77";0,0307440619319339;1
2007;"comp 78";0,029282577481098;1
2007;"comp 79";0,0250700010891879;1
2007;"comp 80";0,0218418802741166;1
2007;"comp 81";0,0199397489442693;1
2007;"comp 82";0,0176978428552134;1
2007;"comp 83";0,0157627236493838;1
2007;"comp 84";0,0129077952050705;1
2008;"comp 1";48,1786154418113;1
2008;"comp 2";6,07479732594268;1
2008;"comp 3";5,43515594497485;1
2008;"comp 4";3,21293550313626;1
2008;"comp 5";2,94100437724365;1
2008;"comp 6";2,33399269395681;1
2008;"comp 7";1,95540566807804;1
2008;"comp 8";1,62454782863975;1
2008;"comp 9";1,44740069551999;1
2008;"comp 10";1,42198798714826;1
2008;"comp 11";1,36608693910881;1
2008;"comp 12";1,29929606212249;1
2008;"comp 13";1,22766520629064;1
2008;"comp 14";1,18868757802518;1
2008;"comp 15";1,07640125420827;1
2008;"comp 16";1,06080754133074;1
2008;"comp 17";0,98567774390466;1
2008;"comp 18";0,907323730146843;1
2008;"comp 19";0,889279733924375;1
2008;"comp 20";0,844041553215189;1
2008;"comp 21";0,801833228772837;1
2008;"comp 22";0,72263503545839;1
2008;"comp 23";0,690713364271702;1
2008;"comp 24";0,667371837040579;1
2008;"comp 25";0,625570604159458;1
2008;"comp 26";0,566331829467453;1
2008;"comp 27";0,556761227215615;1
2008;"comp 28";0,529412750196505;1
2008;"comp 29";0,501095477530079;1
2008;"comp 30";0,458846605369406;1
2008;"comp 31";0,436469047716057;1
2008;"comp 32";0,426352439317847;1
2008;"comp 33";0,410377465043957;1
2008;"comp 34";0,396584732425241;1
2008;"comp 35";0,362762848722674;1
2008;"comp 36";0,346008618686179;1
2008;"comp 37";0,321472193361856;1
2008;"comp 38";0,315662815345538;1
2008;"comp 39";0,303511784928382;1
2008;"comp 40";0,30155210929819;1
2008;"comp 41";0,290812999450744;1
2008;"comp 42";0,270946079142452;1
2008;"comp 43";0,253691719174173;1
2008;"comp 44";0,251291720721245;1
2008;"comp 45";0,219992001574698;1
2008;"comp 46";0,209996419196526;1
2008;"comp 47";0,205292031754352;1
2008;"comp 48";0,191606357586574;1
2008;"comp 49";0,180690798533173;1
2008;"comp 50";0,173014567289502;1
2008;"comp 51";0,165367850116057;1
2008;"comp 52";0,154078031784661;1
2008;"comp 53";0,146045141594233;1
2008;"comp 54";0,137241049401493;1
2008;"comp 55";0,133803930503371;1
2008;"comp 56";0,127825811591614;1
2008;"comp 57";0,123096797264658;1
2008;"comp 58";0,114125651831774;1
2008;"comp 59";0,106837421013904;1
2008;"comp 60";0,103654603223331;1
2008;"comp 61";0,0992956253040497;1
2008;"comp 62";0,0914345802095212;1
2008;"comp 63";0,0870856485129234;1
2008;"comp 64";0,0849744964808608;1
2008;"comp 65";0,0805152604115664;1
2008;"comp 66";0,0789672258245553;1
2008;"comp 67";0,0720106484421304;1
2008;"comp 68";0,0665304416791873;1
2008;"comp 69";0,0598624769072367;1
2008;"comp 70";0,0572912003808619;1
2008;"comp 71";0,0507858568273392;1
2008;"comp 72";0,0476742984925259;1
2008;"comp 73";0,0446946529219873;1
2008;"comp 74";0,0389765894089657;1
2008;"comp 75";0,0380978172474857;1
2008;"comp 76";0,0347140413015189;1
2008;"comp 77";0,0330359789565191;1
2008;"comp 78";0,0317057276736266;1
2008;"comp 79";0,0285396856715307;1
2008;"comp 80";0,0259380650021957;1
2008;"comp 81";0,0233511064044097;1
2008;"comp 82";0,0188850230086177;1
2008;"comp 83";0,0176029282693023;1
2008;"comp 84";0,0161828188557821;1
2009;"comp 1";48,1793624078705;1
2009;"comp 2";6,65882901339026;1
2009;"comp 3";5,3348005813378;1
2009;"comp 4";3,40275397415315;1
2009;"comp 5";2,82447050844365;1
2009;"comp 6";2,43860129732227;1
2009;"comp 7";2,04387601014647;1
2009;"comp 8";1,87479848085795;1
2009;"comp 9";1,48127943464519;1
2009;"comp 10";1,35303784041154;1
2009;"comp 11";1,31784799701661;1
2009;"comp 12";1,27974999823641;1
2009;"comp 13";1,16960253035035;1
2009;"comp 14";1,13475533705135;1
2009;"comp 15";1,11720825277094;1
2009;"comp 16";0,992227518555368;1
2009;"comp 17";0,946325389530041;1
2009;"comp 18";0,888552597723492;1
2009;"comp 19";0,807208907399079;1
2009;"comp 20";0,785865331097371;1
2009;"comp 21";0,71262394122028;1
2009;"comp 22";0,659441586979207;1
2009;"comp 23";0,623953920369291;1
2009;"comp 24";0,611566767629426;1
2009;"comp 25";0,581456908299487;1
2009;"comp 26";0,549830285745998;1
2009;"comp 27";0,539054343757491;1
2009;"comp 28";0,497622798306413;1
2009;"comp 29";0,476399984639747;1
2009;"comp 30";0,427701742838865;1
2009;"comp 31";0,416055095446607;1
2009;"comp 32";0,401583757662076;1
2009;"comp 33";0,393276796389001;1
2009;"comp 34";0,378481464785418;1
2009;"comp 35";0,350363725597347;1
2009;"comp 36";0,34155011171954;1
2009;"comp 37";0,322655403635502;1
2009;"comp 38";0,310570066951665;1
2009;"comp 39";0,29588067989392;1
2009;"comp 40";0,293735030246306;1
2009;"comp 41";0,278381902665902;1
2009;"comp 42";0,253532554351941;1
2009;"comp 43";0,250247627064364;1
2009;"comp 44";0,2323748031957;1
2009;"comp 45";0,228615576951517;1
2009;"comp 46";0,209557018246049;1
2009;"comp 47";0,197564204542207;1
2009;"comp 48";0,191131004116758;1
2009;"comp 49";0,184348931841113;1
2009;"comp 50";0,183034218014823;1
2009;"comp 51";0,16403139942402;1
2009;"comp 52";0,157050216749709;1
2009;"comp 53";0,147370142923977;1
2009;"comp 54";0,143523992896342;1
2009;"comp 55";0,140554096442607;1
2009;"comp 56";0,129697527284831;1
2009;"comp 57";0,123974213488133;1
2009;"comp 58";0,115092250543052;1
2009;"comp 59";0,111658224007847;1
2009;"comp 60";0,0998902955533376;1
2009;"comp 61";0,0984367423864586;1
2009;"comp 62";0,095941281644107;1
2009;"comp 63";0,0890668935101261;1
2009;"comp 64";0,0833703547999734;1
2009;"comp 65";0,0806806324820464;1
2009;"comp 66";0,0746425485902076;1
2009;"comp 67";0,070839215162006;1
2009;"comp 68";0,0653167303433562;1
2009;"comp 69";0,0640629217861227;1
2009;"comp 70";0,0565508555350987;1
2009;"comp 71";0,0529402250251235;1
2009;"comp 72";0,0490813522093518;1
2009;"comp 73";0,0483504323415025;1
2009;"comp 74";0,0442716863487972;1
2009;"comp 75";0,0399703635917377;1
2009;"comp 76";0,0382105055320804;1
2009;"comp 77";0,0330386664217701;1
2009;"comp 78";0,0315673936028175;1
2009;"comp 79";0,0272235350176698;1
2009;"comp 80";0,0254872782688312;1
2009;"comp 81";0,0223008600772822;1
2009;"comp 82";0,0216677908511034;1
2009;"comp 83";0,0176915185805228;1
2009;"comp 84";0,0127021951643297;1
2010;"comp 1";48,1951324922349;1
2010;"comp 2";6,60595040809314;1
2010;"comp 3";5,42012970145889;1
2010;"comp 4";3,97154810151746;1
2010;"comp 5";2,92485385076419;1
2010;"comp 6";2,24561327004218;1
2010;"comp 7";1,97500485710027;1
2010;"comp 8";1,71112442985205;1
2010;"comp 9";1,52410809977125;1
2010;"comp 10";1,38381783411934;1
2010;"comp 11";1,33707696280326;1
2010;"comp 12";1,29143850108809;1
2010;"comp 13";1,2041259353838;1
2010;"comp 14";1,0869886997112;1
2010;"comp 15";1,00373581065629;1
2010;"comp 16";0,983006444159196;1
2010;"comp 17";0,891275287477585;1
2010;"comp 18";0,864164441342056;1
2010;"comp 19";0,842387807080031;1
2010;"comp 20";0,750690598844385;1
2010;"comp 21";0,705238046725076;1
2010;"comp 22";0,675811359584348;1
2010;"comp 23";0,644071006528741;1
2010;"comp 24";0,602296911767638;1
2010;"comp 25";0,5746405322723;1
2010;"comp 26";0,555437003094064;1
2010;"comp 27";0,529039472870063;1
2010;"comp 28";0,468474077920569;1
2010;"comp 29";0,443470250361577;1
2010;"comp 30";0,434203996655803;1
2010;"comp 31";0,422399779625341;1
2010;"comp 32";0,412604835989043;1
2010;"comp 33";0,386593046249306;1
2010;"comp 34";0,364451891501411;1
2010;"comp 35";0,34481387632907;1
2010;"comp 36";0,333890529507784;1
2010;"comp 37";0,327300861454449;1
2010;"comp 38";0,305970630268685;1
2010;"comp 39";0,304725492754835;1
2010;"comp 40";0,285247928518897;1
2010;"comp 41";0,262730944228752;1
2010;"comp 42";0,253296503962714;1
2010;"comp 43";0,247755486251357;1
2010;"comp 44";0,226442547951626;1
2010;"comp 45";0,217953924424366;1
2010;"comp 46";0,211740061674467;1
2010;"comp 47";0,200098899651479;1
2010;"comp 48";0,187598027006931;1
2010;"comp 49";0,183074189276462;1
2010;"comp 50";0,175922282145088;1
2010;"comp 51";0,172209195657796;1
2010;"comp 52";0,154345525271088;1
2010;"comp 53";0,147976828725342;1
2010;"comp 54";0,141594276693444;1
2010;"comp 55";0,13086049438108;1
2010;"comp 56";0,127126579145284;1
2010;"comp 57";0,120316313264795;1
2010;"comp 58";0,116742084499189;1
2010;"comp 59";0,108148111192152;1
2010;"comp 60";0,101342386599539;1
2010;"comp 61";0,0945576115175319;1
2010;"comp 62";0,0859459696131355;1
2010;"comp 63";0,0840175626283192;1
2010;"comp 64";0,0781908072624267;1
2010;"comp 65";0,0754671328962061;1
2010;"comp 66";0,0708020111904656;1
2010;"comp 67";0,0666325574491028;1
2010;"comp 68";0,060550944331157;1
2010;"comp 69";0,0591314563263433;1
2010;"comp 70";0,0559321784753258;1
2010;"comp 71";0,0525488189451844;1
2010;"comp 72";0,0483843815589677;1
2010;"comp 73";0,0474772713773627;1
2010;"comp 74";0,0452910832279187;1
2010;"comp 75";0,0404354377278748;1
2010;"comp 76";0,0337680872406755;1
2010;"comp 77";0,0323366367512873;1
2010;"comp 78";0,0305173745993598;1
2010;"comp 79";0,0269203064044197;1
2010;"comp 80";0,0232357345966729;1
2010;"comp 81";0,0215032323673274;1
2010;"comp 82";0,0194839089515541;1
2010;"comp 83";0,0151825707764935;1
2010;"comp 84";0,0115571983033914;1
2011;"comp 1";48,1135875100626;1
2011;"comp 2";6,59975763661547;1
2011;"comp 3";5,61891203132082;1
2011;"comp 4";4,03257206552046;1
2011;"comp 5";2,75757421834946;1
2011;"comp 6";2,40506995319541;1
2011;"comp 7";2,00011044991082;1
2011;"comp 8";1,7177608645726;1
2011;"comp 9";1,64007859679202;1
2011;"comp 10";1,46404739798074;1
2011;"comp 11";1,27505533701399;1
2011;"comp 12";1,23546400734865;1
2011;"comp 13";1,18225591582028;1
2011;"comp 14";1,13382398798741;1
2011;"comp 15";0,982999510394767;1
2011;"comp 16";0,954588358090334;1
2011;"comp 17";0,891657661933105;1
2011;"comp 18";0,809032775459601;1
2011;"comp 19";0,766547276236918;1
2011;"comp 20";0,72039948812645;1
2011;"comp 21";0,706299720615783;1
2011;"comp 22";0,666021011858075;1
2011;"comp 23";0,631904354879849;1
2011;"comp 24";0,600517052449783;1
2011;"comp 25";0,56334164587071;1
2011;"comp 26";0,52484093250034;1
2011;"comp 27";0,515511672045972;1
2011;"comp 28";0,503649645106475;1
2011;"comp 29";0,488562061351102;1
2011;"comp 30";0,451132565914898;1
2011;"comp 31";0,414659643876517;1
2011;"comp 32";0,397699443638366;1
2011;"comp 33";0,378559118275455;1
2011;"comp 34";0,365237731322282;1
2011;"comp 35";0,356116768195411;1
2011;"comp 36";0,323060542032554;1
2011;"comp 37";0,317675605067751;1
2011;"comp 38";0,314353281846871;1
2011;"comp 39";0,281071780799479;1
2011;"comp 40";0,279224685705067;1
2011;"comp 41";0,266689069425275;1
2011;"comp 42";0,248702925161608;1
2011;"comp 43";0,236655712590338;1
2011;"comp 44";0,227895048222999;1
2011;"comp 45";0,224030585411338;1
2011;"comp 46";0,20620809620856;1
2011;"comp 47";0,200571379544945;1
2011;"comp 48";0,182234516249711;1
2011;"comp 49";0,172560530321918;1
2011;"comp 50";0,168252593687047;1
2011;"comp 51";0,165765871297526;1
2011;"comp 52";0,157936357963087;1
2011;"comp 53";0,15015212011396;1
2011;"comp 54";0,141695186676467;1
2011;"comp 55";0,136156197031878;1
2011;"comp 56";0,124052243718369;1
2011;"comp 57";0,119386973614109;1
2011;"comp 58";0,112613284882767;1
2011;"comp 59";0,103386829818223;1
2011;"comp 60";0,0971921020377564;1
2011;"comp 61";0,0934179366327036;1
2011;"comp 62";0,089350786310333;1
2011;"comp 63";0,0848869564853217;1
2011;"comp 64";0,0823048223784987;1
2011;"comp 65";0,0804895029799731;1
2011;"comp 66";0,0746621428131442;1
2011;"comp 67";0,0668493535305265;1
2011;"comp 68";0,0590505843130014;1
2011;"comp 69";0,0546866154173276;1
2011;"comp 70";0,0539902546548209;1
2011;"comp 71";0,0504706923044944;1
2011;"comp 72";0,0445168210459275;1
2011;"comp 73";0,0409730593830077;1
2011;"comp 74";0,0393478545980846;1
2011;"comp 75";0,0386867102510785;1
2011;"comp 76";0,0365818778612381;1
2011;"comp 77";0,0328527931343932;1
2011;"comp 78";0,0312419429124129;1
2011;"comp 79";0,0270957343459175;1
2011;"comp 80";0,0240454316541121;1
2011;"comp 81";0,0209869529692482;1
2011;"comp 82";0,0188377372977252;1
2011;"comp 83";0,0172097460080247;1
2011;"comp 84";0,014591760656175;1
2012;"comp 1";48,2355894210384;1
2012;"comp 2";6,69357523312874;1
2012;"comp 3";5,09810079319815;1
2012;"comp 4";3,94935270032934;1
2012;"comp 5";2,88934035444364;1
2012;"comp 6";2,09826736772373;1
2012;"comp 7";2,03465843437078;1
2012;"comp 8";1,90034192178209;1
2012;"comp 9";1,65831852340475;1
2012;"comp 10";1,42894057571244;1
2012;"comp 11";1,30804214737541;1
2012;"comp 12";1,28750718951719;1
2012;"comp 13";1,17362385722696;1
2012;"comp 14";1,08996741696473;1
2012;"comp 15";1,04217290423785;1
2012;"comp 16";0,981770409367165;1
2012;"comp 17";0,917843555467516;1
2012;"comp 18";0,841589303429103;1
2012;"comp 19";0,802555529015649;1
2012;"comp 20";0,750916378010091;1
2012;"comp 21";0,686487386934951;1
2012;"comp 22";0,649465007027116;1
2012;"comp 23";0,625092787871474;1
2012;"comp 24";0,596975191581801;1
2012;"comp 25";0,57401910427488;1
2012;"comp 26";0,536007517051649;1
2012;"comp 27";0,511543485781856;1
2012;"comp 28";0,476817497810495;1
2012;"comp 29";0,456330220014744;1
2012;"comp 30";0,453083062695609;1
2012;"comp 31";0,420244502276222;1
2012;"comp 32";0,407689026931334;1
2012;"comp 33";0,394770146011192;1
2012;"comp 34";0,376383872933345;1
2012;"comp 35";0,374099118009381;1
2012;"comp 36";0,344981632245781;1
2012;"comp 37";0,324555415864445;1
2012;"comp 38";0,306299648955608;1
2012;"comp 39";0,28499464370156;1
2012;"comp 40";0,272913778505744;1
2012;"comp 41";0,260480789673087;1
2012;"comp 42";0,252530697603777;1
2012;"comp 43";0,24147401126673;1
2012;"comp 44";0,234120099554697;1
2012;"comp 45";0,223872883503481;1
2012;"comp 46";0,209939209486518;1
2012;"comp 47";0,201860823602001;1
2012;"comp 48";0,192504596193363;1
2012;"comp 49";0,18690386370361;1
2012;"comp 50";0,174166111330855;1
2012;"comp 51";0,168969693453946;1
2012;"comp 52";0,15896374929304;1
2012;"comp 53";0,145504059837896;1
2012;"comp 54";0,144108246608433;1
2012;"comp 55";0,137300108869479;1
2012;"comp 56";0,12206359263323;1
2012;"comp 57";0,120974687132515;1
2012;"comp 58";0,115199225565909;1
2012;"comp 59";0,111930479176325;1
2012;"comp 60";0,107583917591646;1
2012;"comp 61";0,0969493740226995;1
2012;"comp 62";0,0934187789773792;1
2012;"comp 63";0,0902751254534258;1
2012;"comp 64";0,0877318129694142;1
2012;"comp 65";0,0812154824894627;1
2012;"comp 66";0,0808668016164206;1
2012;"comp 67";0,0689947772300524;1
2012;"comp 68";0,0647878237496789;1
2012;"comp 69";0,0636855921711536;1
2012;"comp 70";0,0597829271682648;1
2012;"comp 71";0,0548513598644982;1
2012;"comp 72";0,0484987835528936;1
2012;"comp 73";0,0451396032526261;1
2012;"comp 74";0,0391556197876994;1
2012;"comp 75";0,0374503662804173;1
2012;"comp 76";0,0332404423968385;1
2012;"comp 77";0,0323090011933;1
2012;"comp 78";0,0299452976188544;1
2012;"comp 79";0,0254817026393149;1
2012;"comp 80";0,0250127897080281;1
2012;"comp 81";0,022090764010776;1
2012;"comp 82";0,0199773934915048;1
2012;"comp 83";0,0185055251063111;1
2012;"comp 84";0,0149549469454974;1
2013;"comp 1";47,7703647687556;1
2013;"comp 2";6,25264897351239;1
2013;"comp 3";5,430517019795;1
2013;"comp 4";4,0376260790738;1
2013;"comp 5";3,1230790267921;1
2013;"comp 6";2,20025145293632;1
2013;"comp 7";2,14137467313844;1
2013;"comp 8";1,93654876723385;1
2013;"comp 9";1,73819930398274;1
2013;"comp 10";1,50708038085433;1
2013;"comp 11";1,28589118609782;1
2013;"comp 12";1,22485953006731;1
2013;"comp 13";1,12820121459365;1
2013;"comp 14";1,07054327429315;1
2013;"comp 15";0,99220371846096;1
2013;"comp 16";0,9437346256261;1
2013;"comp 17";0,919398382908171;1
2013;"comp 18";0,84108408268803;1
2013;"comp 19";0,811361744745962;1
2013;"comp 20";0,784984995488338;1
2013;"comp 21";0,698876462472392;1
2013;"comp 22";0,671759032982786;1
2013;"comp 23";0,655446019863669;1
2013;"comp 24";0,624418801095098;1
2013;"comp 25";0,549444242597162;1
2013;"comp 26";0,540763380281616;1
2013;"comp 27";0,51455981482453;1
2013;"comp 28";0,508120685181277;1
2013;"comp 29";0,4887259399471;1
2013;"comp 30";0,469925056763598;1
2013;"comp 31";0,447341996661751;1
2013;"comp 32";0,397975844767896;1
2013;"comp 33";0,376756961159974;1
2013;"comp 34";0,356817828831064;1
2013;"comp 35";0,355306600335686;1
2013;"comp 36";0,336123089973897;1
2013;"comp 37";0,330803365332648;1
2013;"comp 38";0,309213367358038;1
2013;"comp 39";0,295471504013752;1
2013;"comp 40";0,273551677319355;1
2013;"comp 41";0,260420152295016;1
2013;"comp 42";0,242979594729022;1
2013;"comp 43";0,233333921374064;1
2013;"comp 44";0,221128010955602;1
2013;"comp 45";0,205157248617213;1
2013;"comp 46";0,20163954035622;1
2013;"comp 47";0,19116493744193;1
2013;"comp 48";0,184676015697432;1
2013;"comp 49";0,174176522321453;1
2013;"comp 50";0,171509252386041;1
2013;"comp 51";0,168128717781627;1
2013;"comp 52";0,155613350149055;1
2013;"comp 53";0,146548799635292;1
2013;"comp 54";0,139640657817726;1
2013;"comp 55";0,132513838766225;1
2013;"comp 56";0,127187234012378;1
2013;"comp 57";0,119711366033016;1
2013;"comp 58";0,118000838921973;1
2013;"comp 59";0,114540809520481;1
2013;"comp 60";0,100702911552991;1
2013;"comp 61";0,0983248119595116;1
2013;"comp 62";0,0952001658996319;1
2013;"comp 63";0,0870352728623948;1
2013;"comp 64";0,0848117545346342;1
2013;"comp 65";0,0790246044905817;1
2013;"comp 66";0,0764869550247135;1
2013;"comp 67";0,072120255035578;1
2013;"comp 68";0,0675099046896366;1
2013;"comp 69";0,0602927024223066;1
2013;"comp 70";0,0557896248803224;1
2013;"comp 71";0,0530346805628519;1
2013;"comp 72";0,0490792572847585;1
2013;"comp 73";0,0455557727873145;1
2013;"comp 74";0,0421247219529984;1
2013;"comp 75";0,0408582000610864;1
2013;"comp 76";0,0397430294658951;1
2013;"comp 77";0,0336964243215558;1
2013;"comp 78";0,0322595321227444;1
2013;"comp 79";0,0298250681781351;1
2013;"comp 80";0,0254940199110927;1
2013;"comp 81";0,0246144905255574;1
2013;"comp 82";0,0221863296447555;1
2013;"comp 83";0,0178163912116169;1
2013;"comp 84";0,0169874369981896;1
2014;"comp 1";48,281039390207;1
2014;"comp 2";6,38631750074927;1
2014;"comp 3";4,78466822323678;1
2014;"comp 4";3,80865957260554;1
2014;"comp 5";3,07610334539511;1
2014;"comp 6";2,34652401926161;1
2014;"comp 7";2,10416470110788;1
2014;"comp 8";2,00190019952886;1
2014;"comp 9";1,66385705677036;1
2014;"comp 10";1,47781352153181;1
2014;"comp 11";1,37642259089873;1
2014;"comp 12";1,19846592587204;1
2014;"comp 13";1,13997630234224;1
2014;"comp 14";1,10397553742876;1
2014;"comp 15";1,08042074037657;1
2014;"comp 16";1,02721327220386;1
2014;"comp 17";0,900818671220859;1
2014;"comp 18";0,828717453632681;1
2014;"comp 19";0,778815955376495;1
2014;"comp 20";0,742923522132907;1
2014;"comp 21";0,705866272123679;1
2014;"comp 22";0,684454412613283;1
2014;"comp 23";0,662633388580539;1
2014;"comp 24";0,624767910111831;1
2014;"comp 25";0,584506309028894;1
2014;"comp 26";0,55990399202705;1
2014;"comp 27";0,525212522869008;1
2014;"comp 28";0,48751954726787;1
2014;"comp 29";0,475264734715308;1
2014;"comp 30";0,465207312621385;1
2014;"comp 31";0,418969740578542;1
2014;"comp 32";0,412015213246793;1
2014;"comp 33";0,392481705508968;1
2014;"comp 34";0,382757636446448;1
2014;"comp 35";0,349865701228159;1
2014;"comp 36";0,335649482370696;1
2014;"comp 37";0,313286525407452;1
2014;"comp 38";0,309329233392327;1
2014;"comp 39";0,288124302970398;1
2014;"comp 40";0,282988063410994;1
2014;"comp 41";0,270461773791758;1
2014;"comp 42";0,245952226585958;1
2014;"comp 43";0,235282683568233;1
2014;"comp 44";0,227225620943195;1
2014;"comp 45";0,212887275273951;1
2014;"comp 46";0,208038303035223;1
2014;"comp 47";0,201600864498193;1
2014;"comp 48";0,192488262575577;1
2014;"comp 49";0,181782632805991;1
2014;"comp 50";0,172603873047482;1
2014;"comp 51";0,169237030848113;1
2014;"comp 52";0,154253595334413;1
2014;"comp 53";0,142974263503959;1
2014;"comp 54";0,133448870978183;1
2014;"comp 55";0,124403961766539;1
2014;"comp 56";0,122258759316221;1
2014;"comp 57";0,115140116987725;1
2014;"comp 58";0,107685948727826;1
2014;"comp 59";0,101338628288435;1
2014;"comp 60";0,0996788947332345;1
2014;"comp 61";0,0966784906660408;1
2014;"comp 62";0,0882256402672968;1
2014;"comp 63";0,0815166523476355;1
2014;"comp 64";0,0802027687716663;1
2014;"comp 65";0,0729522593656309;1
2014;"comp 66";0,0705401986478441;1
2014;"comp 67";0,0694197934609459;1
2014;"comp 68";0,0660370386715372;1
2014;"comp 69";0,0632602334066425;1
2014;"comp 70";0,0619524938957429;1
2014;"comp 71";0,0538037771419234;1
2014;"comp 72";0,050014341013363;1
2014;"comp 73";0,0462454134725569;1
2014;"comp 74";0,0446366680250195;1
2014;"comp 75";0,0383549267109489;1
2014;"comp 76";0,0365212979429745;1
2014;"comp 77";0,033195656878938;1
2014;"comp 78";0,031384160259731;1
2014;"comp 79";0,0286438520739773;1
2014;"comp 80";0,0272173567155036;1
2014;"comp 81";0,0252324593637282;1
2014;"comp 82";0,0181124044956458;1
2014;"comp 83";0,0148104237982103;1
2014;"comp 84";0,0126965975972772;1
2015;"comp 1";48,2855077139075;1
2015;"comp 2";6,42268807132585;1
2015;"comp 3";5,19703718558668;1
2015;"comp 4";3,74132227853646;1
2015;"comp 5";2,99226080004568;1
2015;"comp 6";2,37426647266657;1
2015;"comp 7";2,12132230030639;1
2015;"comp 8";1,95537956862277;1
2015;"comp 9";1,6525250894289;1
2015;"comp 10";1,42428107626728;1
2015;"comp 11";1,32113403955895;1
2015;"comp 12";1,2210097668133;1
2015;"comp 13";1,14727117151876;1
2015;"comp 14";1,07073693375171;1
2015;"comp 15";1,03411504882741;1
2015;"comp 16";0,937214208036533;1
2015;"comp 17";0,873121973855615;1
2015;"comp 18";0,85187272929835;1
2015;"comp 19";0,778417090424005;1
2015;"comp 20";0,756005034895742;1
2015;"comp 21";0,732826108525094;1
2015;"comp 22";0,683919973375652;1
2015;"comp 23";0,655135684319631;1
2015;"comp 24";0,604297892686685;1
2015;"comp 25";0,579320778827064;1
2015;"comp 26";0,561992294044822;1
2015;"comp 27";0,522683877547966;1
2015;"comp 28";0,507591828152925;1
2015;"comp 29";0,489715453781424;1
2015;"comp 30";0,454950528780332;1
2015;"comp 31";0,412916747444346;1
2015;"comp 32";0,397871498998975;1
2015;"comp 33";0,384147585000136;1
2015;"comp 34";0,357818802215141;1
2015;"comp 35";0,354365452353796;1
2015;"comp 36";0,331772804269165;1
2015;"comp 37";0,31582908862946;1
2015;"comp 38";0,300411006951175;1
2015;"comp 39";0,280104293638247;1
2015;"comp 40";0,271205122090413;1
2015;"comp 41";0,25714726847708;1
2015;"comp 42";0,241775931014172;1
2015;"comp 43";0,238970214186724;1
2015;"comp 44";0,237205203635796;1
2015;"comp 45";0,218104236215828;1
2015;"comp 46";0,204341003206183;1
2015;"comp 47";0,196307372229131;1
2015;"comp 48";0,189776345802378;1
2015;"comp 49";0,181863339996057;1
2015;"comp 50";0,174641835581026;1
2015;"comp 51";0,162099678117292;1
2015;"comp 52";0,15370395336368;1
2015;"comp 53";0,146408357438611;1
2015;"comp 54";0,13993564689458;1
2015;"comp 55";0,128902633865088;1
2015;"comp 56";0,12454285001483;1
2015;"comp 57";0,117807142163426;1
2015;"comp 58";0,10785972416632;1
2015;"comp 59";0,101089779714054;1
2015;"comp 60";0,0979838711889259;1
2015;"comp 61";0,0933190822451738;1
2015;"comp 62";0,0916020752263713;1
2015;"comp 63";0,0833044809608534;1
2015;"comp 64";0,0806754574402122;1
2015;"comp 65";0,0780145263315056;1
2015;"comp 66";0,0737869173993995;1
2015;"comp 67";0,0681950610644915;1
2015;"comp 68";0,0652960657508772;1
2015;"comp 69";0,0607346664844841;1
2015;"comp 70";0,0555575094096956;1
2015;"comp 71";0,0518649205029777;1
2015;"comp 72";0,050998281584448;1
2015;"comp 73";0,0460115741480032;1
2015;"comp 74";0,0430165599042514;1
2015;"comp 75";0,0426251475768263;1
2015;"comp 76";0,0390382012334068;1
2015;"comp 77";0,0370337940069587;1
2015;"comp 78";0,0309264685243389;1
2015;"comp 79";0,0269434277694183;1
2015;"comp 80";0,026134354932485;1
2015;"comp 81";0,023821442290487;1
2015;"comp 82";0,0212243532629957;1
2015;"comp 83";0,018185704294549;1
2015;"comp 84";0,0148581650777208;1
2016;"comp 1";47,8668022565966;1
2016;"comp 2";6,62567012859843;1
2016;"comp 3";5,59841277103929;1
2016;"comp 4";3,38537353542477;1
2016;"comp 5";3,20339906202246;1
2016;"comp 6";2,42060348812098;1
2016;"comp 7";2,20508117316338;1
2016;"comp 8";1,97489238852746;1
2016;"comp 9";1,6331401934067;1
2016;"comp 10";1,51009191720845;1
2016;"comp 11";1,32534365360013;1
2016;"comp 12";1,28691840644923;1
2016;"comp 13";1,18324231810149;1
2016;"comp 14";1,09000630029448;1
2016;"comp 15";0,997145086101296;1
2016;"comp 16";0,925632075652698;1
2016;"comp 17";0,897382597019154;1
2016;"comp 18";0,844684588444339;1
2016;"comp 19";0,815444631884749;1
2016;"comp 20";0,772411492205637;1
2016;"comp 21";0,730480824439683;1
2016;"comp 22";0,662252087270326;1
2016;"comp 23";0,65063715902058;1
2016;"comp 24";0,610918456689308;1
2016;"comp 25";0,591501351223293;1
2016;"comp 26";0,552467226273574;1
2016;"comp 27";0,528575917217188;1
2016;"comp 28";0,481953895941312;1
2016;"comp 29";0,456960653643215;1
2016;"comp 30";0,449209845969331;1
2016;"comp 31";0,438090861217202;1
2016;"comp 32";0,394277906374574;1
2016;"comp 33";0,379646327174846;1
2016;"comp 34";0,344797442552662;1
2016;"comp 35";0,337437809542645;1
2016;"comp 36";0,321300913070672;1
2016;"comp 37";0,299920544116837;1
2016;"comp 38";0,289353024282975;1
2016;"comp 39";0,274458381540845;1
2016;"comp 40";0,252500407541438;1
2016;"comp 41";0,250747892796302;1
2016;"comp 42";0,238570009601646;1
2016;"comp 43";0,229816221659962;1
2016;"comp 44";0,209411352817977;1
2016;"comp 45";0,204238924930765;1
2016;"comp 46";0,198412714288297;1
2016;"comp 47";0,184436124515928;1
2016;"comp 48";0,177944670894716;1
2016;"comp 49";0,161716410526979;1
2016;"comp 50";0,156665567412316;1
2016;"comp 51";0,152126200559243;1
2016;"comp 52";0,148798441217038;1
2016;"comp 53";0,138585020479441;1
2016;"comp 54";0,136222301342321;1
2016;"comp 55";0,125359131910671;1
2016;"comp 56";0,119588959628114;1
2016;"comp 57";0,110833592158926;1
2016;"comp 58";0,106187587070473;1
2016;"comp 59";0,0976698441204684;1
2016;"comp 60";0,0923966725211408;1
2016;"comp 61";0,0910661812092141;1
2016;"comp 62";0,0880934815081322;1
2016;"comp 63";0,0814694580971722;1
2016;"comp 64";0,0772077387601815;1
2016;"comp 65";0,0758537878261245;1
2016;"comp 66";0,0722360654100975;1
2016;"comp 67";0,0673874054061021;1
2016;"comp 68";0,059900302633476;1
2016;"comp 69";0,0565842188410428;1
2016;"comp 70";0,0498166773038508;1
2016;"comp 71";0,0461203823934074;1
2016;"comp 72";0,0439134257194809;1
2016;"comp 73";0,0430907787963262;1
2016;"comp 74";0,0401366020224688;1
2016;"comp 75";0,0387473392012998;1
2016;"comp 76";0,0346871262695238;1
2016;"comp 77";0,0307348373233096;1
2016;"comp 78";0,0305522175996399;1
2016;"comp 79";0,0269490588151216;1
2016;"comp 80";0,0251033761680826;1
2016;"comp 81";0,0231053121971777;1
2016;"comp 82";0,0184472319949481;1
2016;"comp 83";0,0171140222403234;1
2016;"comp 84";0,0135362328465381;1
2003;"comp 1";45,9450145283509;2
2003;"comp 2";7,93882580897068;2
2003;"comp 3";6,13095910883934;2
2003;"comp 4";4,02514925309235;2
2003;"comp 5";3,13543297626236;2
2003;"comp 6";2,68781480302998;2
2003;"comp 7";2,37072751543751;2
2003;"comp 8";2,11019148933947;2
2003;"comp 9";1,85579170058989;2
2003;"comp 10";1,64078331675883;2
2003;"comp 11";1,53476586325766;2
2003;"comp 12";1,44925323912334;2
2003;"comp 13";1,42276204723827;2
2003;"comp 14";1,36293313993935;2
2003;"comp 15";1,23373534318426;2
2003;"comp 16";1,18946552149584;2
2003;"comp 17";1,08450580155998;2
2003;"comp 18";1,06572124608057;2
2003;"comp 19";0,983447474990341;2
2003;"comp 20";0,927773370630317;2
2003;"comp 21";0,845012601895908;2
2003;"comp 22";0,787270741536035;2
2003;"comp 23";0,686061219190846;2
2003;"comp 24";0,657361206059708;2
2003;"comp 25";0,608696262834064;2
2003;"comp 26";0,539824667915486;2
2003;"comp 27";0,531439306124375;2
2003;"comp 28";0,478468565927924;2
2003;"comp 29";0,461793276731045;2
2003;"comp 30";0,449579883101906;2
2003;"comp 31";0,438549570842628;2
2003;"comp 32";0,378706126311092;2
2003;"comp 33";0,365256119816829;2
2003;"comp 34";0,346733788294878;2
2003;"comp 35";0,294647717556658;2
2003;"comp 36";0,271496520607571;2
2003;"comp 37";0,252496818980472;2
2003;"comp 38";0,227511945522947;2
2003;"comp 39";0,200360146038374;2
2003;"comp 40";0,185941810343967;2
2003;"comp 41";0,17518905267869;2
2003;"comp 42";0,156862170840954;2
2003;"comp 43";0,143955574484902;2
2003;"comp 44";0,129455139404765;2
2003;"comp 45";0,10437885562336;2
2003;"comp 46";0,0966768206831227;2
2003;"comp 47";0,0912205424802633;2
2004;"comp 1";46,4930773544502;2
2004;"comp 2";8,17959823067136;2
2004;"comp 3";6,13371106009075;2
2004;"comp 4";3,66386614342649;2
2004;"comp 5";3,40823499148244;2
2004;"comp 6";2,76933815898526;2
2004;"comp 7";2,45485007650809;2
2004;"comp 8";2,0774187116371;2
2004;"comp 9";1,91000960275804;2
2004;"comp 10";1,76078887732096;2
2004;"comp 11";1,51949426025591;2
2004;"comp 12";1,47910436715713;2
2004;"comp 13";1,31925219444987;2
2004;"comp 14";1,2674693622102;2
2004;"comp 15";1,19958180519603;2
2004;"comp 16";1,1218254925424;2
2004;"comp 17";1,06076946761894;2
2004;"comp 18";0,97199674997792;2
2004;"comp 19";0,897363545268961;2
2004;"comp 20";0,840480620008587;2
2004;"comp 21";0,766288548790558;2
2004;"comp 22";0,721893752591228;2
2004;"comp 23";0,65264393596066;2
2004;"comp 24";0,609182757733571;2
2004;"comp 25";0,582933691286476;2
2004;"comp 26";0,555735113626052;2
2004;"comp 27";0,529569537851957;2
2004;"comp 28";0,459388315309819;2
2004;"comp 29";0,43795794595041;2
2004;"comp 30";0,421819964841322;2
2004;"comp 31";0,407388550243004;2
2004;"comp 32";0,352841537873308;2
2004;"comp 33";0,327112087160487;2
2004;"comp 34";0,308470943134933;2
2004;"comp 35";0,273991811838539;2
2004;"comp 36";0,270034887973576;2
2004;"comp 37";0,263983767527598;2
2004;"comp 38";0,243235607452566;2
2004;"comp 39";0,216586558548671;2
2004;"comp 40";0,184307662270241;2
2004;"comp 41";0,174021586495424;2
2004;"comp 42";0,161636268727299;2
2004;"comp 43";0,143579850094838;2
2004;"comp 44";0,133223410277134;2
2004;"comp 45";0,09965532137205;2
2004;"comp 46";0,0931781438140627;2
2004;"comp 47";0,0811073692375569;2
2005;"comp 1";46,6353015579772;2
2005;"comp 2";8,30904597021436;2
2005;"comp 3";6,46478900992949;2
2005;"comp 4";3,6740901615861;2
2005;"comp 5";3,25557471943835;2
2005;"comp 6";2,67280629201865;2
2005;"comp 7";2,32396973918942;2
2005;"comp 8";2,14298545670433;2
2005;"comp 9";1,83370187070433;2
2005;"comp 10";1,67755794919694;2
2005;"comp 11";1,53137447382614;2
2005;"comp 12";1,39229258004213;2
2005;"comp 13";1,37737263633297;2
2005;"comp 14";1,26799732859751;2
2005;"comp 15";1,25600358830535;2
2005;"comp 16";1,10081948157606;2
2005;"comp 17";1,03101969001714;2
2005;"comp 18";0,945951105301442;2
2005;"comp 19";0,865555194852377;2
2005;"comp 20";0,802393295900447;2
2005;"comp 21";0,755257526658651;2
2005;"comp 22";0,709092629240858;2
2005;"comp 23";0,659756659668624;2
2005;"comp 24";0,638229433701346;2
2005;"comp 25";0,58855017239965;2
2005;"comp 26";0,5480474317501;2
2005;"comp 27";0,48686042142353;2
2005;"comp 28";0,457879946143592;2
2005;"comp 29";0,432612709880852;2
2005;"comp 30";0,422704223720938;2
2005;"comp 31";0,393931554041469;2
2005;"comp 32";0,362789668844524;2
2005;"comp 33";0,337669682274466;2
2005;"comp 34";0,313713039236107;2
2005;"comp 35";0,295400540088209;2
2005;"comp 36";0,29024467694791;2
2005;"comp 37";0,238825523029469;2
2005;"comp 38";0,232317948773874;2
2005;"comp 39";0,212582750704857;2
2005;"comp 40";0,188162577686956;2
2005;"comp 41";0,170869848303003;2
2005;"comp 42";0,163590786584385;2
2005;"comp 43";0,141070026290883;2
2005;"comp 44";0,126307301475224;2
2005;"comp 45";0,118079957657641;2
2005;"comp 46";0,0957036689913973;2
2005;"comp 47";0,0591471927707866;2
2006;"comp 1";47,4225918089274;2
2006;"comp 2";7,83747044229133;2
2006;"comp 3";5,74834701318574;2
2006;"comp 4";3,48236272867835;2
2006;"comp 5";3,13139285979082;2
2006;"comp 6";2,56904042432627;2
2006;"comp 7";2,10921059845158;2
2006;"comp 8";2,00733702445554;2
2006;"comp 9";1,78148548346839;2
2006;"comp 10";1,72704576826825;2
2006;"comp 11";1,55837210609603;2
2006;"comp 12";1,42269968300049;2
2006;"comp 13";1,41446009212811;2
2006;"comp 14";1,25985495320001;2
2006;"comp 15";1,24394111324981;2
2006;"comp 16";1,15211942528532;2
2006;"comp 17";1,07457572817049;2
2006;"comp 18";1,01550348987736;2
2006;"comp 19";0,969374293092964;2
2006;"comp 20";0,914864470548736;2
2006;"comp 21";0,823933323581017;2
2006;"comp 22";0,773041643462134;2
2006;"comp 23";0,734655290729718;2
2006;"comp 24";0,689987599630201;2
2006;"comp 25";0,642321078265149;2
2006;"comp 26";0,621761656986335;2
2006;"comp 27";0,516058349986373;2
2006;"comp 28";0,510409080703188;2
2006;"comp 29";0,47909913410075;2
2006;"comp 30";0,45869553517357;2
2006;"comp 31";0,387514772327329;2
2006;"comp 32";0,367328593916158;2
2006;"comp 33";0,3503515089196;2
2006;"comp 34";0,333171837056147;2
2006;"comp 35";0,313219005989355;2
2006;"comp 36";0,284572411012239;2
2006;"comp 37";0,271022181471752;2
2006;"comp 38";0,250725145700505;2
2006;"comp 39";0,234750470173477;2
2006;"comp 40";0,196822334159598;2
2006;"comp 41";0,185669703445559;2
2006;"comp 42";0,155341009435067;2
2006;"comp 43";0,144389992737304;2
2006;"comp 44";0,135331708805376;2
2006;"comp 45";0,111995266381468;2
2006;"comp 46";0,102477884392085;2
2006;"comp 47";0,083303974965536;2
2007;"comp 1";47,5908909593371;2
2007;"comp 2";8,134750162498;2
2007;"comp 3";5,75420941683635;2
2007;"comp 4";3,55920972335422;2
2007;"comp 5";3,16997781303755;2
2007;"comp 6";2,67129315621837;2
2007;"comp 7";2,31682613694611;2
2007;"comp 8";2,11761474231628;2
2007;"comp 9";1,92892562208151;2
2007;"comp 10";1,82538038690637;2
2007;"comp 11";1,66687469165935;2
2007;"comp 12";1,62402078499396;2
2007;"comp 13";1,41141960300324;2
2007;"comp 14";1,23324114461173;2
2007;"comp 15";1,11514786994653;2
2007;"comp 16";1,00285638373542;2
2007;"comp 17";0,972681011148368;2
2007;"comp 18";0,884416558289061;2
2007;"comp 19";0,846384035956093;2
2007;"comp 20";0,788901146533131;2
2007;"comp 21";0,746281176482284;2
2007;"comp 22";0,725527225341948;2
2007;"comp 23";0,667843620629463;2
2007;"comp 24";0,642445941411812;2
2007;"comp 25";0,612546075412419;2
2007;"comp 26";0,530602475553364;2
2007;"comp 27";0,52008481361234;2
2007;"comp 28";0,48876471306396;2
2007;"comp 29";0,448156398134904;2
2007;"comp 30";0,435288876982639;2
2007;"comp 31";0,405289295740175;2
2007;"comp 32";0,367525220617495;2
2007;"comp 33";0,325975878132448;2
2007;"comp 34";0,289739465744149;2
2007;"comp 35";0,278645075836798;2
2007;"comp 36";0,25972487925593;2
2007;"comp 37";0,227978307512186;2
2007;"comp 38";0,203396290217085;2
2007;"comp 39";0,196179532582359;2
2007;"comp 40";0,186635511824001;2
2007;"comp 41";0,162018221808928;2
2007;"comp 42";0,152072507709944;2
2007;"comp 43";0,131317849988172;2
2007;"comp 44";0,11505338269228;2
2007;"comp 45";0,104036880753767;2
2007;"comp 46";0,0933829054864455;2
2007;"comp 47";0,068466128063969;2
2008;"comp 1";47,1930818257148;2
2008;"comp 2";8,36048811944108;2
2008;"comp 3";5,73413324905865;2
2008;"comp 4";3,33877226297912;2
2008;"comp 5";3,05085324864719;2
2008;"comp 6";2,6066474950196;2
2008;"comp 7";2,35845007533503;2
2008;"comp 8";2,22413988425202;2
2008;"comp 9";1,79927706556375;2
2008;"comp 10";1,69585700158743;2
2008;"comp 11";1,53531117905006;2
2008;"comp 12";1,43928156579687;2
2008;"comp 13";1,42292414833251;2
2008;"comp 14";1,33976490118701;2
2008;"comp 15";1,24356580189274;2
2008;"comp 16";1,16557820801959;2
2008;"comp 17";1,02359287215965;2
2008;"comp 18";0,94146928603042;2
2008;"comp 19";0,898719556188137;2
2008;"comp 20";0,850778370552802;2
2008;"comp 21";0,81261269019356;2
2008;"comp 22";0,795471691204609;2
2008;"comp 23";0,707919059013948;2
2008;"comp 24";0,70393127556432;2
2008;"comp 25";0,618781642645536;2
2008;"comp 26";0,545777883535026;2
2008;"comp 27";0,523998366040034;2
2008;"comp 28";0,47303245675263;2
2008;"comp 29";0,451592590544258;2
2008;"comp 30";0,403484453886927;2
2008;"comp 31";0,379393445067076;2
2008;"comp 32";0,358421205849666;2
2008;"comp 33";0,320084635100867;2
2008;"comp 34";0,315886953624941;2
2008;"comp 35";0,286750383133301;2
2008;"comp 36";0,276411919649116;2
2008;"comp 37";0,251900248382891;2
2008;"comp 38";0,219493029837261;2
2008;"comp 39";0,201681056987162;2
2008;"comp 40";0,183147496997572;2
2008;"comp 41";0,182138418525449;2
2008;"comp 42";0,170567084000881;2
2008;"comp 43";0,157622249306266;2
2008;"comp 44";0,134546443851488;2
2008;"comp 45";0,11473894032599;2
2008;"comp 46";0,0956246232527575;2
2008;"comp 47";0,0923036399179794;2
2009;"comp 1";47,9118149154719;2
2009;"comp 2";8,29428708164691;2
2009;"comp 3";5,55116294979335;2
2009;"comp 4";3,32299714820427;2
2009;"comp 5";2,92706886303148;2
2009;"comp 6";2,80968306380396;2
2009;"comp 7";2,32992609477039;2
2009;"comp 8";2,19198024420084;2
2009;"comp 9";1,96891675425796;2
2009;"comp 10";1,56943101412846;2
2009;"comp 11";1,39142495223158;2
2009;"comp 12";1,37180552897462;2
2009;"comp 13";1,32689310678469;2
2009;"comp 14";1,18450344601939;2
2009;"comp 15";1,10265630010407;2
2009;"comp 16";1,05735406297398;2
2009;"comp 17";1,01111619714618;2
2009;"comp 18";0,951901312031787;2
2009;"comp 19";0,899149018063422;2
2009;"comp 20";0,865475201936958;2
2009;"comp 21";0,808796322666941;2
2009;"comp 22";0,723565752608061;2
2009;"comp 23";0,683221226932881;2
2009;"comp 24";0,66574728725424;2
2009;"comp 25";0,615103792473052;2
2009;"comp 26";0,577033592446015;2
2009;"comp 27";0,553274771330914;2
2009;"comp 28";0,50853802744165;2
2009;"comp 29";0,454768487514312;2
2009;"comp 30";0,432482208263695;2
2009;"comp 31";0,391857532952208;2
2009;"comp 32";0,375512660231947;2
2009;"comp 33";0,329464357663894;2
2009;"comp 34";0,312917689417392;2
2009;"comp 35";0,301949603127962;2
2009;"comp 36";0,266091287143206;2
2009;"comp 37";0,256165621596384;2
2009;"comp 38";0,24299251250445;2
2009;"comp 39";0,219055501191228;2
2009;"comp 40";0,212990453083779;2
2009;"comp 41";0,204152734461841;2
2009;"comp 42";0,188809638159246;2
2009;"comp 43";0,155956529549225;2
2009;"comp 44";0,152401872169035;2
2009;"comp 45";0,129807207612727;2
2009;"comp 46";0,116032334114478;2
2009;"comp 47";0,0817637405130004;2
2010;"comp 1";47,6058331935132;2
2010;"comp 2";8,4374687702182;2
2010;"comp 3";5,35906861270028;2
2010;"comp 4";3,57343754611641;2
2010;"comp 5";3,32483244309341;2
2010;"comp 6";2,79010472713368;2
2010;"comp 7";2,32258233743521;2
2010;"comp 8";2,08521355829982;2
2010;"comp 9";1,89643464883907;2
2010;"comp 10";1,73649552348366;2
2010;"comp 11";1,57271904043018;2
2010;"comp 12";1,47938395187;2
2010;"comp 13";1,33554596626249;2
2010;"comp 14";1,20928857245824;2
2010;"comp 15";1,11807247753262;2
2010;"comp 16";1,02296349303134;2
2010;"comp 17";1,00765582356894;2
2010;"comp 18";0,868340819079191;2
2010;"comp 19";0,824623396228947;2
2010;"comp 20";0,803042754279768;2
2010;"comp 21";0,766359521707793;2
2010;"comp 22";0,741169624707358;2
2010;"comp 23";0,66022184240878;2
2010;"comp 24";0,596296959019082;2
2010;"comp 25";0,568562950856039;2
2010;"comp 26";0,500656348090054;2
2010;"comp 27";0,489211804423004;2
2010;"comp 28";0,447788298767894;2
2010;"comp 29";0,439403826337296;2
2010;"comp 30";0,423479148330209;2
2010;"comp 31";0,38894398229539;2
2010;"comp 32";0,382036130253095;2
2010;"comp 33";0,354755820260566;2
2010;"comp 34";0,326909289295268;2
2010;"comp 35";0,302522335964788;2
2010;"comp 36";0,294780365206955;2
2010;"comp 37";0,251536861861934;2
2010;"comp 38";0,24425478997549;2
2010;"comp 39";0,228188440923772;2
2010;"comp 40";0,224971576824971;2
2010;"comp 41";0,194764832456136;2
2010;"comp 42";0,186793841340285;2
2010;"comp 43";0,175714197257125;2
2010;"comp 44";0,140273127241604;2
2010;"comp 45";0,125051697142448;2
2010;"comp 46";0,0967593588917787;2
2010;"comp 47";0,0754853725862718;2
2011;"comp 1";47,5251424019165;2
2011;"comp 2";8,11693088645552;2
2011;"comp 3";5,91540276788769;2
2011;"comp 4";3,71739640404469;2
2011;"comp 5";3,34700699742635;2
2011;"comp 6";2,65438011264004;2
2011;"comp 7";2,25739776366736;2
2011;"comp 8";2,1387332306135;2
2011;"comp 9";1,90703252329082;2
2011;"comp 10";1,70323400455585;2
2011;"comp 11";1,58683124263948;2
2011;"comp 12";1,39560240405799;2
2011;"comp 13";1,33519682089519;2
2011;"comp 14";1,15861684105609;2
2011;"comp 15";1,14599599383697;2
2011;"comp 16";1,07783638798097;2
2011;"comp 17";0,979383754160033;2
2011;"comp 18";0,94357117989936;2
2011;"comp 19";0,884828028157379;2
2011;"comp 20";0,8278278966317;2
2011;"comp 21";0,723212936304246;2
2011;"comp 22";0,720576450514187;2
2011;"comp 23";0,674404292696684;2
2011;"comp 24";0,602234857163297;2
2011;"comp 25";0,554988904238999;2
2011;"comp 26";0,499460142255766;2
2011;"comp 27";0,496763370164753;2
2011;"comp 28";0,47273321740259;2
2011;"comp 29";0,44799630609166;2
2011;"comp 30";0,40255476705633;2
2011;"comp 31";0,376962316961913;2
2011;"comp 32";0,336032108159359;2
2011;"comp 33";0,318834212330376;2
2011;"comp 34";0,309443426408634;2
2011;"comp 35";0,299224877679078;2
2011;"comp 36";0,283084704757741;2
2011;"comp 37";0,257221468029716;2
2011;"comp 38";0,243229963245859;2
2011;"comp 39";0,226678768757399;2
2011;"comp 40";0,195646126872529;2
2011;"comp 41";0,185263782013032;2
2011;"comp 42";0,16446255911109;2
2011;"comp 43";0,157978795548286;2
2011;"comp 44";0,139386068358673;2
2011;"comp 45";0,105263217067431;2
2011;"comp 46";0,0985614336127505;2
2011;"comp 47";0,0894532853841464;2
2012;"comp 1";47,4064944344341;2
2012;"comp 2";8,11931274684868;2
2012;"comp 3";6,01177884071582;2
2012;"comp 4";3,83062511356571;2
2012;"comp 5";3,1754061256664;2
2012;"comp 6";2,61144026677737;2
2012;"comp 7";2,3291475453584;2
2012;"comp 8";2,02154913772008;2
2012;"comp 9";1,93664139336442;2
2012;"comp 10";1,64539513128168;2
2012;"comp 11";1,54317016669811;2
2012;"comp 12";1,42826955865124;2
2012;"comp 13";1,29226032005497;2
2012;"comp 14";1,22839843697511;2
2012;"comp 15";1,19070578949623;2
2012;"comp 16";1,13711187630302;2
2012;"comp 17";1,0383166478661;2
2012;"comp 18";1,02600508155931;2
2012;"comp 19";0,896514403199827;2
2012;"comp 20";0,822540714102225;2
2012;"comp 21";0,808782618537799;2
2012;"comp 22";0,671841560166416;2
2012;"comp 23";0,656615641372504;2
2012;"comp 24";0,631568413506846;2
2012;"comp 25";0,559963411698786;2
2012;"comp 26";0,516079248873814;2
2012;"comp 27";0,472397678791353;2
2012;"comp 28";0,460079079562561;2
2012;"comp 29";0,427769593798899;2
2012;"comp 30";0,414349078929285;2
2012;"comp 31";0,37713945515532;2
2012;"comp 32";0,354857972587435;2
2012;"comp 33";0,332039656304685;2
2012;"comp 34";0,302874573100747;2
2012;"comp 35";0,284585168517005;2
2012;"comp 36";0,275103804564553;2
2012;"comp 37";0,23652920010206;2
2012;"comp 38";0,221782952024204;2
2012;"comp 39";0,200307521168496;2
2012;"comp 40";0,189621264185894;2
2012;"comp 41";0,173916049275288;2
2012;"comp 42";0,160076517597823;2
2012;"comp 43";0,144834926649323;2
2012;"comp 44";0,128358919333001;2
2012;"comp 45";0,119040095674119;2
2012;"comp 46";0,096995816872775;2
2012;"comp 47";0,0914060510102263;2
2013;"comp 1";47,2807844401796;2
2013;"comp 2";8,32406642332333;2
2013;"comp 3";6,50694656278894;2
2013;"comp 4";3,84332631557601;2
2013;"comp 5";3,12684908996213;2
2013;"comp 6";2,61984442382969;2
2013;"comp 7";2,24248251616894;2
2013;"comp 8";2,02535906312342;2
2013;"comp 9";1,76040257995247;2
2013;"comp 10";1,70255199586128;2
2013;"comp 11";1,62715193630358;2
2013;"comp 12";1,41490819002132;2
2013;"comp 13";1,35479472072891;2
2013;"comp 14";1,20634227328637;2
2013;"comp 15";1,15393848918369;2
2013;"comp 16";1,0797901258426;2
2013;"comp 17";1,00258789414803;2
2013;"comp 18";0,916188433276465;2
2013;"comp 19";0,852393548083365;2
2013;"comp 20";0,752261762496975;2
2013;"comp 21";0,727400432700895;2
2013;"comp 22";0,686298208574191;2
2013;"comp 23";0,62261003556165;2
2013;"comp 24";0,581665916706597;2
2013;"comp 25";0,549017913075145;2
2013;"comp 26";0,547130205177717;2
2013;"comp 27";0,485018387806531;2
2013;"comp 28";0,455022224623914;2
2013;"comp 29";0,436664032832592;2
2013;"comp 30";0,404845288433691;2
2013;"comp 31";0,376662431594058;2
2013;"comp 32";0,349275938332089;2
2013;"comp 33";0,310019438320546;2
2013;"comp 34";0,289463761409117;2
2013;"comp 35";0,282267702103635;2
2013;"comp 36";0,267269737494481;2
2013;"comp 37";0,247744638633643;2
2013;"comp 38";0,240096310562802;2
2013;"comp 39";0,22483262629714;2
2013;"comp 40";0,192651714456863;2
2013;"comp 41";0,1862126877726;2
2013;"comp 42";0,158895202691983;2
2013;"comp 43";0,154100727743482;2
2013;"comp 44";0,135486779857644;2
2013;"comp 45";0,115498208290127;2
2013;"comp 46";0,101580768101958;2
2013;"comp 47";0,0792978967077546;2
2014;"comp 1";47,5964805703937;2
2014;"comp 2";7,90487498337784;2
2014;"comp 3";6,35569550652332;2
2014;"comp 4";4,24001269868746;2
2014;"comp 5";3,09417885254376;2
2014;"comp 6";2,60351033703103;2
2014;"comp 7";2,42979752641335;2
2014;"comp 8";2,15591887979275;2
2014;"comp 9";1,71172541210961;2
2014;"comp 10";1,58870621879134;2
2014;"comp 11";1,5030502677014;2
2014;"comp 12";1,40952345373608;2
2014;"comp 13";1,33330220512033;2
2014;"comp 14";1,23230095450117;2
2014;"comp 15";1,09188461846066;2
2014;"comp 16";1,04930769954123;2
2014;"comp 17";0,977602923409815;2
2014;"comp 18";0,904683542600916;2
2014;"comp 19";0,850466061779786;2
2014;"comp 20";0,797827294786224;2
2014;"comp 21";0,738662550456675;2
2014;"comp 22";0,712218116980336;2
2014;"comp 23";0,686011935839398;2
2014;"comp 24";0,570665193956096;2
2014;"comp 25";0,56931838640094;2
2014;"comp 26";0,527118780365035;2
2014;"comp 27";0,505439540482012;2
2014;"comp 28";0,43593846698378;2
2014;"comp 29";0,431350866835961;2
2014;"comp 30";0,408791585674006;2
2014;"comp 31";0,362298951064795;2
2014;"comp 32";0,337486641960882;2
2014;"comp 33";0,324399403177279;2
2014;"comp 34";0,307166285227266;2
2014;"comp 35";0,26966923412824;2
2014;"comp 36";0,265930840742216;2
2014;"comp 37";0,252470856594484;2
2014;"comp 38";0,22359417900402;2
2014;"comp 39";0,202263698038731;2
2014;"comp 40";0,198098966147692;2
2014;"comp 41";0,16879950879677;2
2014;"comp 42";0,150441913516927;2
2014;"comp 43";0,144504065172135;2
2014;"comp 44";0,130911284753228;2
2014;"comp 45";0,10344477118349;2
2014;"comp 46";0,0858488898108383;2
2014;"comp 47";0,0563050794049686;2
2015;"comp 1";47,496656887783;2
2015;"comp 2";7,92200203929775;2
2015;"comp 3";6,55707691893232;2
2015;"comp 4";4,12236383809366;2
2015;"comp 5";3,15000155594882;2
2015;"comp 6";2,41848419356353;2
2015;"comp 7";2,36990592670747;2
2015;"comp 8";2,10291086545284;2
2015;"comp 9";1,76923149599572;2
2015;"comp 10";1,62626269376626;2
2015;"comp 11";1,54579303696545;2
2015;"comp 12";1,43927613184574;2
2015;"comp 13";1,33177375511167;2
2015;"comp 14";1,22050109956809;2
2015;"comp 15";1,17319165117171;2
2015;"comp 16";1,11714889281012;2
2015;"comp 17";1,06378638241909;2
2015;"comp 18";0,907976811248614;2
2015;"comp 19";0,785020229979618;2
2015;"comp 20";0,756584021275907;2
2015;"comp 21";0,70555374316691;2
2015;"comp 22";0,645785396341208;2
2015;"comp 23";0,623177506802757;2
2015;"comp 24";0,583824062123366;2
2015;"comp 25";0,56100078786211;2
2015;"comp 26";0,539644275036627;2
2015;"comp 27";0,501105033051839;2
2015;"comp 28";0,488083986578682;2
2015;"comp 29";0,444389773701877;2
2015;"comp 30";0,394436390724204;2
2015;"comp 31";0,386272911580655;2
2015;"comp 32";0,328378729051563;2
2015;"comp 33";0,318109678251269;2
2015;"comp 34";0,304846147366962;2
2015;"comp 35";0,293506989513348;2
2015;"comp 36";0,275384935540512;2
2015;"comp 37";0,246193992767855;2
2015;"comp 38";0,23262135682203;2
2015;"comp 39";0,204743397493639;2
2015;"comp 40";0,185778549634772;2
2015;"comp 41";0,171454125149655;2
2015;"comp 42";0,147785843590201;2
2015;"comp 43";0,13781777804433;2
2015;"comp 44";0,11980400173976;2
2015;"comp 45";0,107663977802528;2
2015;"comp 46";0,102386308656314;2
2015;"comp 47";0,0743018936676354;2
2016;"comp 1";47,4436971184117;2
2016;"comp 2";8,22912822313321;2
2016;"comp 3";6,62919031940935;2
2016;"comp 4";4,14170556632012;2
2016;"comp 5";3,1650527582017;2
2016;"comp 6";2,50632273585989;2
2016;"comp 7";2,30919500850437;2
2016;"comp 8";2,06047097643621;2
2016;"comp 9";1,78372910449362;2
2016;"comp 10";1,64476204368186;2
2016;"comp 11";1,52336982962482;2
2016;"comp 12";1,37143936003504;2
2016;"comp 13";1,29792539486713;2
2016;"comp 14";1,26038168816326;2
2016;"comp 15";1,09367108379105;2
2016;"comp 16";1,05131312977608;2
2016;"comp 17";0,960780657493951;2
2016;"comp 18";0,880010076661016;2
2016;"comp 19";0,827033648973526;2
2016;"comp 20";0,756015079531482;2
2016;"comp 21";0,704196645134844;2
2016;"comp 22";0,689143292331854;2
2016;"comp 23";0,634512747140716;2
2016;"comp 24";0,583044580290638;2
2016;"comp 25";0,566693085285313;2
2016;"comp 26";0,504739463339178;2
2016;"comp 27";0,487679215204659;2
2016;"comp 28";0,452420542343448;2
2016;"comp 29";0,434215233132818;2
2016;"comp 30";0,412388777662701;2
2016;"comp 31";0,389861819952343;2
2016;"comp 32";0,343920938315075;2
2016;"comp 33";0,302362098720171;2
2016;"comp 34";0,288694290163228;2
2016;"comp 35";0,280361966095477;2
2016;"comp 36";0,250833307272786;2
2016;"comp 37";0,246848810372607;2
2016;"comp 38";0,226644895284008;2
2016;"comp 39";0,20141774640348;2
2016;"comp 40";0,186886288224063;2
2016;"comp 41";0,179592973110396;2
2016;"comp 42";0,154329399925285;2
2016;"comp 43";0,133034720203533;2
2016;"comp 44";0,12439738028896;2
2016;"comp 45";0,109121454626675;2
2016;"comp 46";0,0989072823165545;2
2016;"comp 47";0,0785572434897876;2
2003;"comp 1";39,9649544937845;3
2003;"comp 2";10,4655973463054;3
2003;"comp 3";7,951024687263;3
2003;"comp 4";5,25584524019368;3
2003;"comp 5";4,2421038907999;3
2003;"comp 6";3,6129072904978;3
2003;"comp 7";2,79319729912662;3
2003;"comp 8";2,59554198924008;3
2003;"comp 9";2,42011856354674;3
2003;"comp 10";2,21435280562758;3
2003;"comp 11";2,0895183509133;3
2003;"comp 12";1,82317999522347;3
2003;"comp 13";1,78620836559469;3
2003;"comp 14";1,53798024015328;3
2003;"comp 15";1,48841211709363;3
2003;"comp 16";1,42681782130693;3
2003;"comp 17";1,36964559689987;3
2003;"comp 18";1,14283929248449;3
2003;"comp 19";0,991374613552197;3
2003;"comp 20";0,923358509842543;3
2003;"comp 21";0,853045546618389;3
2003;"comp 22";0,787837310784476;3
2003;"comp 23";0,690403768291382;3
2003;"comp 24";0,612463515738614;3
2003;"comp 25";0,512580486870034;3
2003;"comp 26";0,448690862247441;3
2004;"comp 1";40,7360556793329;3
2004;"comp 2";10,7336704226072;3
2004;"comp 3";7,86657588968411;3
2004;"comp 4";4,99272282904357;3
2004;"comp 5";4,51663828830703;3
2004;"comp 6";3,87867489326285;3
2004;"comp 7";3,07324323799274;3
2004;"comp 8";2,38869902618077;3
2004;"comp 9";2,21268599915434;3
2004;"comp 10";2,15107283986494;3
2004;"comp 11";1,90941276074948;3
2004;"comp 12";1,79106427431575;3
2004;"comp 13";1,71595175859612;3
2004;"comp 14";1,54790350330731;3
2004;"comp 15";1,44363059237454;3
2004;"comp 16";1,37317414726219;3
2004;"comp 17";1,18218886290718;3
2004;"comp 18";1,11865626242937;3
2004;"comp 19";0,970692457345926;3
2004;"comp 20";0,915210881576988;3
2004;"comp 21";0,845224910830235;3
2004;"comp 22";0,708413996592803;3
2004;"comp 23";0,551706712416878;3
2004;"comp 24";0,533193051247471;3
2004;"comp 25";0,496587243711518;3
2004;"comp 26";0,346949478905788;3
2005;"comp 1";40,5218979473006;3
2005;"comp 2";10,4090922425418;3
2005;"comp 3";8,65546691464422;3
2005;"comp 4";4,82539326422801;3
2005;"comp 5";4,24125928540623;3
2005;"comp 6";3,34415849506747;3
2005;"comp 7";3,14786132883442;3
2005;"comp 8";2,56494867578982;3
2005;"comp 9";2,36786472436172;3
2005;"comp 10";2,17778351575139;3
2005;"comp 11";2,05516968245519;3
2005;"comp 12";1,85896925773652;3
2005;"comp 13";1,68223898610141;3
2005;"comp 14";1,53399412058568;3
2005;"comp 15";1,47136926859777;3
2005;"comp 16";1,40509721690593;3
2005;"comp 17";1,2112737932375;3
2005;"comp 18";1,13835926979376;3
2005;"comp 19";1,01503745749456;3
2005;"comp 20";0,916259622373773;3
2005;"comp 21";0,831336164873259;3
2005;"comp 22";0,65839942784149;3
2005;"comp 23";0,627751656962114;3
2005;"comp 24";0,57123981011436;3
2005;"comp 25";0,451291965509116;3
2005;"comp 26";0,316485905491877;3
2006;"comp 1";41,8806761898594;3
2006;"comp 2";9,75662958066047;3
2006;"comp 3";7,68191586747017;3
2006;"comp 4";5,02401797757936;3
2006;"comp 5";3,96463799321908;3
2006;"comp 6";2,900626609471;3
2006;"comp 7";2,68859202371845;3
2006;"comp 8";2,41541187913056;3
2006;"comp 9";2,35496466564559;3
2006;"comp 10";2,15432197880236;3
2006;"comp 11";1,92644430523274;3
2006;"comp 12";1,85919504219132;3
2006;"comp 13";1,77498363736182;3
2006;"comp 14";1,62340111021715;3
2006;"comp 15";1,42873943996866;3
2006;"comp 16";1,389738798879;3
2006;"comp 17";1,36263842153207;3
2006;"comp 18";1,28437271712814;3
2006;"comp 19";1,23036413574009;3
2006;"comp 20";1,03321141907278;3
2006;"comp 21";0,910417572788528;3
2006;"comp 22";0,853883187338734;3
2006;"comp 23";0,736014091168268;3
2006;"comp 24";0,629898599443666;3
2006;"comp 25";0,589120048414156;3
2006;"comp 26";0,545782707966418;3
2007;"comp 1";41,990254440847;3
2007;"comp 2";10,362487517156;3
2007;"comp 3";7,55581944464478;3
2007;"comp 4";4,86822587810633;3
2007;"comp 5";4,2851285354873;3
2007;"comp 6";3,28474496848096;3
2007;"comp 7";2,94608752129021;3
2007;"comp 8";2,71326584529508;3
2007;"comp 9";2,41877823177567;3
2007;"comp 10";2,23320393526989;3
2007;"comp 11";1,99239446287105;3
2007;"comp 12";1,8377692791896;3
2007;"comp 13";1,73333328349601;3
2007;"comp 14";1,58157546389927;3
2007;"comp 15";1,35302110610435;3
2007;"comp 16";1,28637325779097;3
2007;"comp 17";1,20156464727152;3
2007;"comp 18";1,08802883500024;3
2007;"comp 19";0,965492970179692;3
2007;"comp 20";0,867395710539394;3
2007;"comp 21";0,855744580323743;3
2007;"comp 22";0,697891299912348;3
2007;"comp 23";0,597920168364553;3
2007;"comp 24";0,511675076654798;3
2007;"comp 25";0,452559042539799;3
2007;"comp 26";0,319264497509421;3
2008;"comp 1";41,9001528283996;3
2008;"comp 2";10,8535228137992;3
2008;"comp 3";7,14236963901609;3
2008;"comp 4";4,67271703786446;3
2008;"comp 5";3,75386276860068;3
2008;"comp 6";3,47056009789836;3
2008;"comp 7";2,80566103700299;3
2008;"comp 8";2,55096553098676;3
2008;"comp 9";2,45780276756795;3
2008;"comp 10";2,22372259328102;3
2008;"comp 11";1,97015610457758;3
2008;"comp 12";1,88424860926884;3
2008;"comp 13";1,6574627461651;3
2008;"comp 14";1,59155335029527;3
2008;"comp 15";1,50603926554476;3
2008;"comp 16";1,42760099981472;3
2008;"comp 17";1,30827425866143;3
2008;"comp 18";1,09872046732161;3
2008;"comp 19";0,974438819803485;3
2008;"comp 20";0,9257897743296;3
2008;"comp 21";0,816126321375777;3
2008;"comp 22";0,726292045525004;3
2008;"comp 23";0,665444809601559;3
2008;"comp 24";0,619612151377166;3
2008;"comp 25";0,505830136784499;3
2008;"comp 26";0,49107302513648;3
2009;"comp 1";42,4992591905563;3
2009;"comp 2";10,4334495274082;3
2009;"comp 3";6,96139263678907;3
2009;"comp 4";4,64591733939926;3
2009;"comp 5";4,06596856977356;3
2009;"comp 6";3,38929776960487;3
2009;"comp 7";2,77862813830892;3
2009;"comp 8";2,53440039570849;3
2009;"comp 9";2,32659997086786;3
2009;"comp 10";2,08178012504655;3
2009;"comp 11";1,94164726690826;3
2009;"comp 12";1,77214719360029;3
2009;"comp 13";1,64516491499929;3
2009;"comp 14";1,62360845894346;3
2009;"comp 15";1,47845148607492;3
2009;"comp 16";1,37745329047299;3
2009;"comp 17";1,30883896653112;3
2009;"comp 18";1,23313452117308;3
2009;"comp 19";1,14466719655758;3
2009;"comp 20";1,03762511948024;3
2009;"comp 21";0,802176340888564;3
2009;"comp 22";0,728446235748531;3
2009;"comp 23";0,65919498149508;3
2009;"comp 24";0,630605560207841;3
2009;"comp 25";0,485621084349601;3
2009;"comp 26";0,414523719106061;3
2010;"comp 1";42,1985219796731;3
2010;"comp 2";10,5123840623793;3
2010;"comp 3";6,73554623302958;3
2010;"comp 4";4,80297825623731;3
2010;"comp 5";4,56186272530665;3
2010;"comp 6";3,56810461952208;3
2010;"comp 7";2,86214241667249;3
2010;"comp 8";2,64572454934647;3
2010;"comp 9";2,50544753981866;3
2010;"comp 10";2,23534007649871;3
2010;"comp 11";2,04627535073839;3
2010;"comp 12";1,88176824667271;3
2010;"comp 13";1,59829286720431;3
2010;"comp 14";1,5144320015502;3
2010;"comp 15";1,35227843354837;3
2010;"comp 16";1,3280295470485;3
2010;"comp 17";1,17044915763285;3
2010;"comp 18";1,04665697768206;3
2010;"comp 19";0,955872012987574;3
2010;"comp 20";0,880347425539745;3
2010;"comp 21";0,803192947952686;3
2010;"comp 22";0,664506559013473;3
2010;"comp 23";0,635609417963831;3
2010;"comp 24";0,567402904100639;3
2010;"comp 25";0,525679379882626;3
2010;"comp 26";0,40115431199771;3
2011;"comp 1";42,1454678818229;3
2011;"comp 2";10,0266184684773;3
2011;"comp 3";7,71629944456111;3
2011;"comp 4";5,12090869350126;3
2011;"comp 5";4,47293674193146;3
2011;"comp 6";3,26018339316672;3
2011;"comp 7";2,84315661618115;3
2011;"comp 8";2,5635948448846;3
2011;"comp 9";2,23907282299546;3
2011;"comp 10";2,13198705372567;3
2011;"comp 11";2,00138343748562;3
2011;"comp 12";1,78238128891981;3
2011;"comp 13";1,50174075152473;3
2011;"comp 14";1,47443411835418;3
2011;"comp 15";1,4086318931106;3
2011;"comp 16";1,32274781817127;3
2011;"comp 17";1,25722401680691;3
2011;"comp 18";1,10451894909729;3
2011;"comp 19";0,979961800637584;3
2011;"comp 20";0,892180539121966;3
2011;"comp 21";0,851580603191092;3
2011;"comp 22";0,661804673548642;3
2011;"comp 23";0,646644451205813;3
2011;"comp 24";0,614660333805911;3
2011;"comp 25";0,540127471432332;3
2011;"comp 26";0,439751892338605;3
2012;"comp 1";42,4102458097465;3
2012;"comp 2";10,0829156248184;3
2012;"comp 3";7,94040089523541;3
2012;"comp 4";5,42096054099396;3
2012;"comp 5";3,95813819089196;3
2012;"comp 6";3,32809641576915;3
2012;"comp 7";2,87395852204559;3
2012;"comp 8";2,45018813317365;3
2012;"comp 9";2,22506684106725;3
2012;"comp 10";2,0384218364395;3
2012;"comp 11";1,9760631316893;3
2012;"comp 12";1,73000201988336;3
2012;"comp 13";1,5232920137046;3
2012;"comp 14";1,4232461444163;3
2012;"comp 15";1,39307138371672;3
2012;"comp 16";1,27864355962164;3
2012;"comp 17";1,21264626893892;3
2012;"comp 18";1,10708652522288;3
2012;"comp 19";1,01543617474571;3
2012;"comp 20";0,938805417148187;3
2012;"comp 21";0,860380114051539;3
2012;"comp 22";0,80492837732819;3
2012;"comp 23";0,564434133604683;3
2012;"comp 24";0,550435967035059;3
2012;"comp 25";0,458584662585068;3
2012;"comp 26";0,434551296126477;3
2013;"comp 1";41,7811553398198;3
2013;"comp 2";10,4654144317834;3
2013;"comp 3";8,89048018127088;3
2013;"comp 4";5,29777658718304;3
2013;"comp 5";3,79012964788178;3
2013;"comp 6";3,15860339555811;3
2013;"comp 7";2,69566143103566;3
2013;"comp 8";2,49691040969714;3
2013;"comp 9";2,44560613948403;3
2013;"comp 10";2,19077320739025;3
2013;"comp 11";1,91838646177741;3
2013;"comp 12";1,81337489079636;3
2013;"comp 13";1,67700616112365;3
2013;"comp 14";1,41118695520697;3
2013;"comp 15";1,25148015025305;3
2013;"comp 16";1,20819477067604;3
2013;"comp 17";1,12734376508854;3
2013;"comp 18";1,00831048840433;3
2013;"comp 19";0,963375137347989;3
2013;"comp 20";0,934143397578069;3
2013;"comp 21";0,899174415203729;3
2013;"comp 22";0,689854817125933;3
2013;"comp 23";0,631389288095291;3
2013;"comp 24";0,557889811847285;3
2013;"comp 25";0,368726455701194;3
2013;"comp 26";0,32765226267007;3
2014;"comp 1";42,0285712854498;3
2014;"comp 2";10,0349021712135;3
2014;"comp 3";8,80338236901;3
2014;"comp 4";5,32603699659725;3
2014;"comp 5";4,04009330519055;3
2014;"comp 6";3,1948905508597;3
2014;"comp 7";2,81029051480437;3
2014;"comp 8";2,5225763335676;3
2014;"comp 9";2,47255249213902;3
2014;"comp 10";2,04840104896494;3
2014;"comp 11";1,86332898474244;3
2014;"comp 12";1,80365395531595;3
2014;"comp 13";1,61609807762001;3
2014;"comp 14";1,41262167157689;3
2014;"comp 15";1,40581810609096;3
2014;"comp 16";1,28593253594206;3
2014;"comp 17";1,17996513910616;3
2014;"comp 18";1,07972798312847;3
2014;"comp 19";0,983610240366985;3
2014;"comp 20";0,897421314296424;3
2014;"comp 21";0,794634744070648;3
2014;"comp 22";0,667254533831892;3
2014;"comp 23";0,523501833310135;3
2014;"comp 24";0,480662567946631;3
2014;"comp 25";0,371180175653464;3
2014;"comp 26";0,352891069204138;3
2015;"comp 1";41,5643131086549;3
2015;"comp 2";10,1822229865342;3
2015;"comp 3";9,31714357050816;3
2015;"comp 4";5,06314924676073;3
2015;"comp 5";4,25239326093543;3
2015;"comp 6";2,91614556330391;3
2015;"comp 7";2,71405749107331;3
2015;"comp 8";2,44640537877552;3
2015;"comp 9";2,41476706015156;3
2015;"comp 10";2,16031488423923;3
2015;"comp 11";1,96709530310616;3
2015;"comp 12";1,91623553192112;3
2015;"comp 13";1,6140857182983;3
2015;"comp 14";1,4714037910461;3
2015;"comp 15";1,39861496745296;3
2015;"comp 16";1,3838172909334;3
2015;"comp 17";1,13651978332803;3
2015;"comp 18";1,04632771738216;3
2015;"comp 19";0,971477600729812;3
2015;"comp 20";0,857113615525811;3
2015;"comp 21";0,798842576051287;3
2015;"comp 22";0,619742927697014;3
2015;"comp 23";0,527740833803757;3
2015;"comp 24";0,522436568971801;3
2015;"comp 25";0,394668913423239;3
2015;"comp 26";0,342964309392057;3
2016;"comp 1";41,4873863478367;3
2016;"comp 2";10,4884689527528;3
2016;"comp 3";9,18305400797482;3
2016;"comp 4";5,06795973502965;3
2016;"comp 5";4,26345462522658;3
2016;"comp 6";2,97181577055461;3
2016;"comp 7";2,81705611009768;3
2016;"comp 8";2,71225837158822;3
2016;"comp 9";2,46740536004012;3
2016;"comp 10";2,26566314813147;3
2016;"comp 11";1,97754678965991;3
2016;"comp 12";1,67805520447803;3
2016;"comp 13";1,54558937131054;3
2016;"comp 14";1,41731887160979;3
2016;"comp 15";1,35663158189133;3
2016;"comp 16";1,2623225504835;3
2016;"comp 17";1,03294024168523;3
2016;"comp 18";0,95070903953528;3
2016;"comp 19";0,894547002668719;3
2016;"comp 20";0,876711743745615;3
2016;"comp 21";0,724443066863954;3
2016;"comp 22";0,662014436463989;3
2016;"comp 23";0,572088185145753;3
2016;"comp 24";0,510397352729774;3
2016;"comp 25";0,436934462296411;3
2016;"comp 26";0,377227670199535;3
